country_code,country_name,education_spend_pct_gdp,gni_per_capita_ppp,inflation_pct,official_exchange_rate,ppp_conversion_factor,price_level_ratio,inflation_capped,economic_instability_flag,cluster,affordability_group
ABW,Aruba,3.61855755636695,48900.0,4.25746204335427,1.79,1.3358003334369,0.7462571695178212,4.25746204335427,False,0,Premium
AFG,Afghanistan,4.34319019317627,2250.0,-6.60118564073726,76.8135364354897,13.2320571626481,0.17226204880907647,-6.60118564073726,False,2,Mid-Range
AGO,Angola,2.51273663315785,9840.0,20.1620197572331,911.99303781631,322.965962233887,0.3541320479893154,20.1620197572331,False,2,Mid-Range
ALB,Albania,3.09153008460998,28170.0,2.14618551167388,86.8033333333333,39.9805375942293,0.46058758412767536,2.14618551167388,False,2,Mid-Range
ARE,United Arab Emirates,3.89404010772705,81640.0,1.250865245598,3.6725,2.32695589646038,0.6336163094514309,1.250865245598,False,0,Premium
ARG,Argentina,5.00324010848999,31920.0,219.883929014578,1240.85125,567.297421343424,0.45718406726303745,40.0,True,1,Budget-Friendly
ARM,Armenia,2.43869996070862,24020.0,3.30693341072904,387.010152166483,148.11782018569,0.38272334551568316,3.30693341072904,False,2,Mid-Range
ATG,Antigua and Barbuda,3.10505161832136,34670.0,1.36873527521954,2.7,1.87014584555665,0.6926466094654259,1.36873527521954,False,2,Mid-Range
AUS,Australia,5.05915021896362,69930.0,2.87403791660173,1.5519978866485,1.398943,0.9013820263769701,2.87403791660173,False,0,Premium
AUT,Austria,5.27749013900757,77010.0,3.52719439956928,0.88496895841236,0.725357,0.8196411784898028,3.52719439956928,False,0,Premium
AZE,Azerbaijan,3.66036009788513,25430.0,5.62208788068338,1.7,0.482459128195909,0.2837994871740641,5.62208788068338,False,2,Mid-Range
BDI,Burundi,4.5040397644043,1250.0,34.1339985744832,2943.1375,999.612019047394,0.3396416304190321,34.1339985744832,False,1,Budget-Friendly
BEL,Belgium,6.27611017227173,75620.0,2.46705543774613,0.88496895841236,0.719942,0.8135223198015674,2.46705543774613,False,0,Premium
BEN,Benin,3.22974322056608,4760.0,1.10155247902978,581.928481040339,200.336598367492,0.34426326412026015,1.10155247902978,False,2,Mid-Range
BFA,Burkina Faso,5.32757840997187,2890.0,-0.586235316330579,581.928481040339,217.410761840348,0.373603920281876,-0.586235316330579,False,2,Mid-Range
BGD,Bangladesh,2.0343847791384,10710.0,8.7687628116114,121.920836605034,30.9160155190794,0.2535745027671743,8.7687628116114,False,2,Mid-Range
BGR,Bulgaria,4.50109004974365,42170.0,4.58084355235697,1.73519166666666,0.405704596599949,0.23380967324452182,4.58084355235697,False,2,Mid-Range
BHR,Bahrain,1.88778167912993,65500.0,-0.137708855447902,0.376,0.162039933977081,0.4309572712156409,-0.137708855447902,False,0,Premium
BHS,"Bahamas, The",2.74191570247934,39610.0,0.409162489083286,1.0,0.956315655509349,0.956315655509349,0.409162489083286,False,0,Premium
BIH,Bosnia and Herzegovina,3.24564826597779,25810.0,6.1059011284828,1.73592901689708,0.697646964731518,0.4018868040921054,6.1059011284828,False,2,Mid-Range
BLR,Belarus,5.04593992233276,34310.0,6.59877945951182,3.069175,0.90876978092131,0.2960957849980239,6.59877945951182,False,2,Mid-Range
BLZ,Belize,4.62276317232973,14230.0,1.06281547952896,2.0,1.05113051635175,0.525565258175875,1.06281547952896,False,2,Mid-Range
BOL,Bolivia,7.53980016708374,12530.0,19.517120804733,6.91,2.76324583616839,0.39989085906923155,19.517120804733,False,2,Mid-Range
BRA,Brazil,5.61920976638794,22670.0,5.01675279604836,5.58728623856661,2.55440835439356,0.45718229661505233,5.01675279604836,False,2,Mid-Range
BRB,Barbados,3.55593188106322,24840.0,0.846576563196289,2.0,2.19085217304192,1.09542608652096,0.846576563196289,False,0,Premium
BRN,Brunei Darussalam,4.42539978027344,95420.0,-0.302994414446762,1.307595108858,0.456019597784343,0.3487467907268419,-0.302994414446762,False,0,Premium
BTN,Bhutan,5.84518003463745,18520.0,3.55513663074987,87.1584483507393,19.9848946493305,0.2292938324109229,3.55513663074987,False,2,Mid-Range
BWA,Botswana,8.05833660991541,19960.0,2.6597506179431,13.5023833333333,5.07409138676734,0.37579227766707995,2.6597506179431,False,2,Mid-Range
CAF,Central African Republic,1.82995911310419,1390.0,1.00198012768088,581.928481040339,246.31590787299,0.42327522349935565,1.00198012768088,False,2,Mid-Range
CAN,Canada,4.84426021575928,66820.0,2.07232411149103,1.39810565893901,1.166683,0.8344741275744272,2.07232411149103,False,0,Premium
CHE,Switzerland,4.86427021026611,101690.0,0.154376978290185,0.831355833333333,0.930746,1.1195518966507527,0.154376978290185,False,0,Premium
CHL,Chile,4.91201019287109,35730.0,4.21293601694293,951.329454191033,453.188563,0.476373942805514,4.21293601694293,False,2,Mid-Range
CHN,China,3.89714002609253,29160.0,0.0595646916565403,7.18984737402171,3.39768588417447,0.472567178053175,0.0595646916565403,False,2,Mid-Range
CIV,Cote d'Ivoire,3.61279988288879,7750.0,0.125038772593104,581.928481040339,216.221332210196,0.3715599755895221,0.125038772593104,False,2,Mid-Range
CMR,Cameroon,2.83907623667935,5700.0,3.40373458279055,581.928481040339,198.309241557697,0.3407794050622353,3.40373458279055,False,2,Mid-Range
COD,"Congo, Dem. Rep.",2.84466514463005,1850.0,2.88585107289988,2693.24060103248,1124.85430376458,0.4176583047698584,2.88585107289988,False,2,Mid-Range
COG,"Congo, Rep.",3.34005209256916,6490.0,2.40069559361747,581.928481040339,201.890946598546,0.34693429377716095,2.40069559361747,False,2,Mid-Range
COL,Colombia,5.26166009902954,22250.0,5.14222911946201,4053.13583333333,1532.719303,0.3781564117330556,5.14222911946201,False,2,Mid-Range
COM,Comoros,2.34146896682989,4260.0,3.24909332306433,435.376187289972,211.662236779844,0.48615942478928315,3.24909332306433,False,2,Mid-Range
CPV,Cabo Verde,4.3482854136693,12010.0,2.34333897365163,97.8631517010164,46.629436004152,0.47647592779977577,2.34333897365163,False,2,Mid-Range
CRI,Costa Rica,5.31208992004395,30760.0,-0.073671440596217,503.496832373272,297.351768,0.5905732645792606,-0.073671440596217,False,2,Mid-Range
CUW,Curacao,5.44313725490196,33330.0,2.62220783425059,1.79,1.24831756717631,0.6973841157409553,2.62220783425059,False,2,Mid-Range
CYM,Cayman Islands,1.57024002075195,74470.0,-0.62525835861814,0.83333,0.94261799236714,1.1311461154250295,-0.62525835861814,False,0,Premium
CYP,Cyprus,4.74210977554321,57390.0,0.126528851920189,0.88496895841236,0.572620273384741,0.6470512529750483,0.126528851920189,False,0,Premium
CZE,Czechia,4.30291986465454,57870.0,2.45996367838865,21.882,12.993503,0.5937986929896718,2.45996367838865,False,0,Premium
DEU,Germany,5.23916006088257,78140.0,2.17178770949721,0.88496895841236,0.709983,0.8022688177376459,2.17178770949721,False,0,Premium
DJI,Djibouti,3.75143003463745,8660.0,-0.313731799533481,177.721,82.1238304290602,0.4620941274754261,-0.313731799533481,False,2,Mid-Range
DMA,Dominica,5.38572189060925,22130.0,2.53385126107135,2.7,1.30631128267932,0.4838189935849333,2.53385126107135,False,2,Mid-Range
DNK,Denmark,6.35586023330688,85460.0,1.89367372703044,6.62182508333333,6.124666,0.9249211392513759,1.89367372703044,False,0,Premium
DOM,Dominican Republic,3.7606477375256,26980.0,3.8731176804813,61.9865666666666,23.8682512750234,0.3850552233901769,3.8731176804813,False,2,Mid-Range
DZA,Algeria,8.97772026062012,18240.0,1.41835151429016,131.605925,42.8460510517715,0.3255632377628248,1.41835151429016,False,2,Mid-Range
ECU,Ecuador,3.69074988365173,16290.0,0.710469324989076,1.0,0.425220703426529,0.425220703426529,0.710469324989076,False,2,Mid-Range
EGY,"Egypt, Arab Rep.",3.76082992553711,19330.0,14.0735136645934,49.2277558333333,7.58370974796763,0.15405353381623213,14.0735136645934,False,2,Mid-Range
ESP,Spain,4.58553981781006,59830.0,2.699932857627,0.88496895841236,0.570991,0.6452102015243129,2.699932857627,False,0,Premium
EST,Estonia,5.20733976364136,51370.0,4.82920753628342,0.88496895841236,0.584555,0.6605372927980383,4.82920753628342,False,0,Premium
ETH,Ethiopia,2.2978069565991,3620.0,13.2296432836809,82.6013363504764,30.7650224136466,0.37245187272892305,13.2296432836809,False,2,Mid-Range
FIN,Finland,6.37578010559082,66300.0,0.337874659400574,0.88496895841236,0.754195,0.8522276322019595,0.337874659400574,False,0,Premium
FJI,Fiji,4.24679790890603,15360.0,-1.38326833934224,2.29903333333333,0.934666867351328,0.40654776675037163,-1.38326833934224,False,2,Mid-Range
FRA,France,5.32434988021851,65110.0,0.943770212469976,0.88496895841236,0.677618,0.7656969135003912,0.943770212469976,False,0,Premium
FSM,"Micronesia, Fed. Sts.",11.5591397849462,5080.0,5.40874375479067,1.0,0.95865080658499,0.95865080658499,5.40874375479067,False,2,Mid-Range
GAB,Gabon,2.31594287726056,21660.0,1.76766609003481,581.928481040339,216.420044727798,0.37190144799390884,1.76766609003481,False,2,Mid-Range
GBR,United Kingdom,5.90681982040405,64210.0,3.88306881626,0.759473957338607,0.677133,0.8915815920441156,3.88306881626,False,0,Premium
GEO,Georgia,3.98011682083814,27570.0,3.8692132193969,2.74264166666666,0.903514180711349,0.3294320915825137,3.8692132193969,False,2,Mid-Range
GHA,Ghana,2.90963831638452,8080.0,14.2046755548989,12.556825,4.75008975177416,0.3782874852340588,14.2046755548989,False,2,Mid-Range
GIN,Guinea,1.72470879088585,4730.0,3.54630163142885,9565.08218343833,3286.09262410062,0.3435509032834445,3.54630163142885,False,2,Mid-Range
GMB,"Gambia, The",2.80838156544977,3660.0,11.5610532897511,71.2893818242692,17.7935316169312,0.24959581864228916,11.5610532897511,False,2,Mid-Range
GNB,Guinea-Bissau,2.01027011871338,3320.0,0.874929691038717,581.928481040339,198.582744438309,0.3412493990383388,0.874929691038717,False,2,Mid-Range
GNQ,Equatorial Guinea,2.18796992301941,14610.0,2.92140227309103,581.928481040339,238.615174467719,0.41004209665272995,2.92140227309103,False,2,Mid-Range
GRC,Greece,3.37547993659973,44310.0,2.48209745378857,0.88496895841236,0.526872,0.5953564754917638,2.48209745378857,False,0,Premium
GRD,Grenada,5.12544845968893,20170.0,0.610311975893833,2.7,1.53137011170231,0.5671741154452999,0.610311975893833,False,2,Mid-Range
GTM,Guatemala,3.07588005065918,15020.0,1.48841591086169,7.68012458333333,3.33451157924276,0.43417415213276583,1.48841591086169,False,2,Mid-Range
GUY,Guyana,4.45058012008667,80300.0,3.32982339132475,208.5,69.0331367456556,0.3310941810343194,3.32982339132475,False,0,Premium
HKG,"Hong Kong SAR, China",3.80552005767822,88500.0,1.43633540372673,7.79708333333333,5.52457295433365,0.708543530721999,1.43633540372673,False,0,Premium
HND,Honduras,4.54962037172702,7270.0,4.59657982325258,25.9526748179551,11.8640844280338,0.45714303096903725,4.59657982325258,False,2,Mid-Range
HRV,Croatia,4.0916600227356,50410.0,3.69153459605729,0.88496895841236,0.470813052018898,0.532010809580869,3.69153459605729,False,0,Premium
HTI,Haiti,0.964648012977964,3130.0,28.6427976686095,130.626409210526,112.359715746475,0.860160793101101,28.6427976686095,False,1,Budget-Friendly
HUN,Hungary,3.8011999130249,48630.0,4.41198445905562,353.14,183.57556,0.519837911309962,4.41198445905562,False,0,Premium
IDN,Indonesia,1.27517088245674,17190.0,1.9133344329508,16477.8651797835,4720.99750025346,0.28650540884662634,1.9133344329508,False,2,Mid-Range
IND,India,4.09865814174589,11600.0,2.39884954182294,87.1584483507393,20.0886288014602,0.23048401137914248,2.39884954182294,False,2,Mid-Range
IRL,Ireland,2.90461993217468,106310.0,2.21044788475857,0.88496895841236,0.750891,0.8484941679164694,2.21044788475857,False,0,Premium
IRN,"Iran, Islamic Rep.",2.82443290958712,19660.0,42.1712244965444,42000.0,147937.809998602,3.522328809490524,40.0,True,1,Budget-Friendly
IRQ,Iraq,3.55150008201599,14290.0,0.303454715219382,1300.0,492.933552332882,0.37917965564067846,0.303454715219382,False,2,Mid-Range
ISL,Iceland,7.30798006057739,83250.0,4.09085056006515,128.44148705495,151.367985,1.178497605958436,4.09085056006515,False,0,Premium
ISR,Israel,5.93291997909546,58870.0,3.0414132155654,3.45189166666666,3.487723,1.0103802021596873,3.0414132155654,False,0,Premium
ITA,Italy,4.06775999069214,62870.0,1.5316682765282,0.88496895841236,0.610275,0.6896004590882343,1.5316682765282,False,0,Premium
JAM,Jamaica,5.51383018493652,13090.0,4.00459048079239,159.096428305752,95.7950373528488,0.6021193459399956,4.00459048079239,False,2,Mid-Range
JOR,Jordan,3.23356008529663,12440.0,1.76646490894206,0.71,0.300588436411238,0.42336399494540566,1.76646490894206,False,2,Mid-Range
JPN,Japan,3.33663988113403,58920.0,3.17253034260248,149.657926890951,97.08005,0.6486796390727627,3.17253034260248,False,0,Premium
KAZ,Kazakhstan,4.86469984054565,41090.0,11.3879454675914,521.035,172.827127700445,0.33169965107995625,11.3879454675914,False,2,Mid-Range
KEN,Kenya,4.02242346098974,6910.0,4.06912878540729,129.302572099377,43.5471478663385,0.33678485400019603,4.06912878540729,False,2,Mid-Range
KGZ,Kyrgyz Republic,6.82694680798777,9120.0,8.21496013406325,87.3598319399642,29.1935664341276,0.33417608282706096,8.21496013406325,False,2,Mid-Range
KHM,Cambodia,2.1809128340295,8390.0,2.35127105896507,4013.43310400665,1349.49224235827,0.336243860900798,2.35127105896507,False,2,Mid-Range
KIR,Kiribati,16.39053,6080.0,2.45545072159028,1.5519978866485,1.00874671689262,0.6499665531574808,2.45545072159028,False,2,Mid-Range
KNA,St. Kitts and Nevis,3.49726171629099,36430.0,3.55711230848243,2.7,1.85174655680503,0.685832058075937,3.55711230848243,False,2,Mid-Range
KOR,"Korea, Rep.",5.40910005569458,64210.0,2.12309421458659,1422.44083333333,816.329274,0.5738933071029917,2.12309421458659,False,0,Premium
KWT,Kuwait,6.43592667889685,64040.0,2.36195936682045,0.306454776364577,0.175361574871678,0.572226600452973,2.36195936682045,False,0,Premium
LAO,Lao PDR,1.23375160355741,9800.0,7.74226936553695,20444.1366516587,4577.46196269632,0.2239009668488464,7.74226936553695,False,2,Mid-Range
LBN,Lebanon,1.22490869993085,11790.0,14.597595869611,89500.0,33594.2483818204,0.37535473052313295,14.597595869611,False,2,Mid-Range
LBR,Liberia,2.2665256232687,1840.0,8.31564329402952,191.306666666666,0.462031881161655,0.0024151373771343914,8.31564329402952,False,2,Mid-Range
LBY,Libya,2.26416993141174,17150.0,1.84166666666702,5.30256666666666,2.07074496071786,0.390517477834859,1.84166666666702,False,2,Mid-Range
LCA,St. Lucia,3.84700018653403,26180.0,2.02709512086274,2.7,1.38850270829587,0.5142602623318037,2.02709512086274,False,2,Mid-Range
LKA,Sri Lanka,1.82774571561927,16750.0,-4.76386036960983,300.851958333333,88.2137716979226,0.2932132208366247,-4.76386036960983,False,2,Mid-Range
LSO,Lesotho,6.62253066096596,3900.0,4.27011140706666,17.8887489855833,6.11792216885233,0.3419983238505285,4.27011140706666,False,2,Mid-Range
LTU,Lithuania,4.25285005569458,55010.0,3.79170510860467,0.88496895841236,0.513169,0.5798723165619599,3.79170510860467,False,0,Premium
LUX,Luxembourg,3.74451994895935,106640.0,2.25723817871726,0.88496895841236,0.832451,0.9406555925909791,2.25723817871726,False,0,Premium
LVA,Latvia,4.3196702003479,45740.0,3.74577316751945,0.88496895841236,0.504702,0.5703047493388227,3.74577316751945,False,0,Premium
MAC,"Macao SAR, China",3.50183010101318,125630.0,0.333311677308542,8.02981025,4.44773830276597,0.5539032884078388,0.333311677308542,False,0,Premium
MAR,Morocco,6.02096928801329,10960.0,0.701902154839545,9.35027697089946,3.93179684727296,0.42050057549201525,0.701902154839545,False,2,Mid-Range
MDA,Moldova,6.55709981918335,19990.0,7.75904124001159,17.3778474404761,7.48976511532315,0.4309949860578333,7.75904124001159,False,2,Mid-Range
MDG,Madagascar,3.04770386693564,1910.0,8.05052431791227,4529.75125196404,1390.29172218468,0.30692451855537717,8.05052431791227,False,2,Mid-Range
MDV,Maldives,5.16706374664829,25600.0,4.00578494118752,15.415677547363,7.88991987219358,0.5118114236596255,4.00578494118752,False,2,Mid-Range
MEX,Mexico,4.05987977981567,25070.0,3.80668650726485,19.2375083333333,10.328951,0.5369172982814399,3.80668650726485,False,2,Mid-Range
MKD,North Macedonia,3.30014991760254,26680.0,4.07249176848348,54.6549666666666,20.453219828119,0.3742243582886159,4.07249176848348,False,2,Mid-Range
MLI,Mali,4.18465094218116,3400.0,3.27823540357584,581.928481040339,198.243965775836,0.3406672335772715,3.27823540357584,False,2,Mid-Range
MLT,Malta,4.71258020401001,64900.0,2.36351752252186,0.88496895841236,0.58711979275282,0.6634354653592784,2.36351752252186,False,0,Premium
MMR,Myanmar,1.99976003170013,5890.0,8.82506696804558,1381.61916666666,520.106449561224,0.37644704279548324,8.82506696804558,False,2,Mid-Range
MNE,Montenegro,,35700.0,3.89960910704956,0.887144250370587,0.370171163809184,0.417261526132365,3.89960910704956,False,2,Mid-Range
MNG,Mongolia,5.21229982376099,18460.0,8.60536487369695,3545.14356555046,1211.65358016366,0.34177842385221563,8.60536487369695,False,2,Mid-Range
MOZ,Mozambique,5.97607342054314,1540.0,4.3684695014615,63.905,23.6620035302763,0.37026842234999296,4.3684695014615,False,2,Mid-Range
MRT,Mauritania,7.61007976531982,7640.0,1.54796926167072,36.4891666666666,11.391685569891,0.3121936347287831,1.54796926167072,False,2,Mid-Range
MUS,Mauritius,4.247389793396,37000.0,3.67359279962943,45.9969666666666,17.7493221711606,0.385880275536154,3.67359279962943,False,2,Mid-Range
MWI,Malawi,2.74888371105811,1880.0,28.3702565330281,1161.09436666666,619.005548775964,0.5331225148848517,28.3702565330281,False,1,Budget-Friendly
MYS,Malaysia,3.51481008529663,40070.0,1.38060872293692,4.28442415048243,1.35504364404393,0.31627205814609904,1.38060872293692,False,2,Mid-Range
NAM,Namibia,9.08440819434816,11260.0,3.51074539609587,17.8887333333333,7.27733758379859,0.4068112285087413,3.51074539609587,False,2,Mid-Range
NER,Niger,4.07412707618114,2150.0,-4.45470804102568,581.928481040339,207.234045559658,0.3561160044773486,-4.45470804102568,False,2,Mid-Range
NGA,Nigeria,0.319069049792343,9230.0,23.0101235833333,1518.38094813367,195.022548515709,0.12844111930897348,23.0101235833333,False,2,Mid-Range
NIC,Nicaragua,2.86954998970032,8780.0,2.08132127098376,36.6243,12.5185500987327,0.34180994855144536,2.08132127098376,False,2,Mid-Range
NLD,Netherlands,5.17918014526367,85480.0,3.2595766451366,0.88496895841236,0.746769,0.8438363774247047,3.2595766451366,False,0,Premium
NOR,Norway,5.43234014511108,107770.0,3.05562484410077,10.3958333333333,9.451661,0.9091778116232494,3.05562484410077,False,0,Premium
NPL,Nepal,3.68849173764595,6250.0,2.65334269811436,139.115437592695,33.8982001034302,0.24366957894836974,2.65334269811436,False,2,Mid-Range
NRU,Naoero,5.77715015411377,20200.0,-0.124750499001971,1.5519978866485,1.59287093272538,1.0263357614262894,-0.124750499001971,False,2,Mid-Range
NZL,New Zealand,5.21326017379761,53600.0,2.8397963180572,1.72010833333333,1.472957,0.8563164141793411,2.8397963180572,False,0,Premium
OMN,Oman,4.38311004638672,39390.0,0.967741935483928,0.3845,0.181339214175172,0.4716234438886137,0.967741935483928,False,2,Mid-Range
PAK,Pakistan,1.94658005237579,6430.0,3.54555214890893,281.143001173202,67.8368115155746,0.24128934824090748,3.54555214890893,False,2,Mid-Range
PAN,Panama,2.47225999832153,41770.0,-0.189587880235675,1.0,0.45076892365416,0.45076892365416,-0.189587880235675,False,2,Mid-Range
PER,Peru,4.35778999328613,17540.0,1.53125450314273,3.56706380329909,1.83592285276037,0.5146874163176924,1.53125450314273,False,2,Mid-Range
PHL,Philippines,3.96922646675346,14460.0,1.6587364525509,57.5050971489714,19.069580238078,0.33161547729719987,1.6587364525509,False,2,Mid-Range
PLW,Palau,3.43726476321334,23480.0,-0.418410041841039,1.0,0.847328995677767,0.847328995677767,-0.418410041841039,False,2,Mid-Range
PNG,Papua New Guinea,0.782122804685732,4840.0,4.42141364166485,4.12272372720281,2.38719956855142,0.5790345719263342,4.42141364166485,False,2,Mid-Range
POL,Poland,4.31372976303101,52290.0,3.81419531520146,3.76054166666666,1.969559,0.5237434323512801,3.81419531520146,False,0,Premium
PRT,Portugal,4.55160999298096,52240.0,2.33601620316701,0.88496895841236,0.534218,0.6036573316180384,2.33601620316701,False,0,Premium
PRY,Paraguay,3.53410005569458,19390.0,4.0380642333938,7545.4467553741,2627.11785121353,0.3481726048020173,4.0380642333938,False,2,Mid-Range
QAT,Qatar,3.23368000984192,126290.0,1.26734310292375,3.64,2.0482980288714,0.562719238700934,1.26734310292375,False,0,Premium
ROU,Romania,3.2788200378418,49550.0,7.18903362292063,4.47053333333333,1.97967891250975,0.44282835288326927,7.18903362292063,False,2,Mid-Range
RUS,Russian Federation,4.16454853394225,49220.0,8.71986939402666,83.6525,29.6122633846497,0.3539913736546989,8.71986939402666,False,2,Mid-Range
RWA,Rwanda,4.61476993560791,4070.0,5.913000168826,1428.47827558333,385.463038224109,0.2698417223508018,5.913000168826,False,2,Mid-Range
SAU,Saudi Arabia,4.48087978363037,74400.0,2.08420853585036,3.75,1.75530234452142,0.468080625205712,2.08420853585036,False,0,Premium
SDN,Sudan,2.02213001251221,2140.0,138.80846024176,546.75885,1175.58773572252,2.1501028025838447,40.0,True,1,Budget-Friendly
SEN,Senegal,6.16277045366329,5100.0,1.45900719841385,581.928481040339,208.211053506783,0.3577949186033222,1.45900719841385,False,2,Mid-Range
SGP,Singapore,2.19099857819757,135750.0,0.902998495002676,1.30745,0.790885710223008,0.604907040592763,0.902998495002676,False,0,Premium
SLB,Solomon Islands,8.29349080062944,2790.0,3.36462189317825,8.32684233252032,6.23162133063873,0.7483774859410097,3.36462189317825,False,2,Mid-Range
SLE,Sierra Leone,2.62455277942046,3690.0,7.48750166612986,21.3048751103817,5.15883670629659,0.24214348498023952,7.48750166612986,False,2,Mid-Range
SLV,El Salvador,3.31666994094849,13140.0,0.257570528307203,1.0,0.408953489712557,0.408953489712557,0.257570528307203,False,2,Mid-Range
SMR,San Marino,2.89753007888794,71920.0,2.29519525025037,0.887144250370587,0.702590229204567,0.791968418789925,2.29519525025037,False,0,Premium
SRB,Serbia,3.40377998352051,31780.0,3.8903678606001,103.9754,46.7970682889855,0.450078271292878,3.8903678606001,False,2,Mid-Range
SSD,South Sudan,1.56539228959694,1010.0,91.4408220769046,2163.10387269883,126.743049621582,0.05859314072765682,40.0,True,1,Budget-Friendly
STP,Sao Tome and Principe,5.0288576428727,6920.0,11.0474362281814,21.7450517869566,13.8672557039219,0.6377200587878084,11.0474362281814,False,2,Mid-Range
SUR,Suriname,2.86623341491363,21000.0,9.2054681878919,37.2601791666666,11.6290001939516,0.3121026375620609,9.2054681878919,False,2,Mid-Range
SVK,Slovak Republic,4.65688991546631,47920.0,4.00042823495829,0.88496895841236,0.512288,0.5788768014180383,4.00042823495829,False,0,Premium
SVN,Slovenia,5.28065013885498,58880.0,2.37284807226549,0.88496895841236,0.558308,0.6308786253945089,2.37284807226549,False,0,Premium
SWE,Sweden,7.31909990310669,76090.0,0.679869285243995,9.82070570950185,8.548493,0.8704560805369677,0.679869285243995,False,0,Premium
SWZ,Eswatini,6.03082905337534,11390.0,2.59801620311077,17.8889209208377,5.86563643135325,0.3278921326395229,2.59801620311077,False,2,Mid-Range
SXM,Sint Maarten (Dutch part),3.92363832601723,52060.0,2.19201010962985,1.79,1.36183701233079,0.7608028001847988,2.19201010962985,False,0,Premium
SYC,Seychelles,4.45409960547034,34930.0,0.297589655467556,14.7254562696937,7.98797394952878,0.5424601997541321,0.297589655467556,False,2,Mid-Range
SYR,Syrian Arab Republic,5.13012981414795,4740.0,13.4175653228571,2505.74691085873,807.95702765744,0.3224415938242341,13.4175653228571,False,2,Mid-Range
TCD,Chad,3.20149725837724,2770.0,-3.9119812440659,581.928481040339,204.953276226313,0.35219667519951775,-3.9119812440659,False,2,Mid-Range
TGO,Togo,4.14281885166484,4090.0,0.433183451279109,581.928481040339,197.415755247599,0.33924401654077874,0.433183451279109,False,2,Mid-Range
THA,Thailand,2.52122219628772,25570.0,-0.133634356480207,32.882809252867,10.0922556843405,0.30691586009977456,-0.133634356480207,False,2,Mid-Range
TJK,Tajikistan,5.43682120015444,8240.0,6.00458082322139,10.0177083333333,2.76890578758637,0.2764011184447254,6.00458082322139,False,2,Mid-Range
TLS,Timor-Leste,5.24052834781801,5120.0,0.428322848346937,1.0,0.278816251223677,0.278816251223677,0.428322848346937,False,2,Mid-Range
TON,Tonga,5.31016278046634,9240.0,5.59276642101027,2.41052686435725,1.80792099963135,0.7500107243622938,5.59276642101027,False,2,Mid-Range
TTO,Trinidad and Tobago,3.23358011245727,36080.0,0.994489987904821,6.74884660621026,3.44833404244324,0.510951610497429,0.994489987904821,False,2,Mid-Range
TUN,Tunisia,6.73398856321206,14870.0,5.15100197572676,2.99736666666666,0.916013551631524,0.3056061047913811,5.15100197572676,False,2,Mid-Range
TUR,Turkiye,3.09571003913879,44630.0,34.8811629820306,39.4548130977982,16.203626,0.4106881956286406,34.8811629820306,False,1,Budget-Friendly
TUV,Tuvalu,12.8456897735596,11000.0,0.5005807431527,1.5519978866485,1.38717699395366,0.893800826590836,0.5005807431527,False,2,Mid-Range
TZA,Tanzania,3.15504437906936,4370.0,3.32697361316105,2597.90041666666,749.533488393139,0.2885150961078246,3.32697361316105,False,2,Mid-Range
UGA,Uganda,2.56105027176925,3410.0,3.58082784438067,3602.98994206813,1271.51526728309,0.35290558334260447,3.58082784438067,False,2,Mid-Range
UKR,Ukraine,5.14010000228882,18750.0,12.7303341026903,41.6890720433333,12.9353983614283,0.3102827126490781,12.7303341026903,False,2,Mid-Range
URY,Uruguay,4.76461982727051,36330.0,4.65032720433324,41.1909791666666,27.108346862201,0.6581136795150081,4.65032720433324,False,2,Mid-Range
USA,United States,5.42038011550903,89490.0,2.94952520485207,1.0,1.0,1.0,2.94952520485207,False,0,Premium
UZB,Uzbekistan,5.47287597270024,13640.0,8.79638847052461,12579.3943476702,3670.12629350113,0.29175699497653995,8.79638847052461,False,2,Mid-Range
VCT,St. Vincent and the Grenadines,6.4582691706334,22340.0,0.815322893749171,2.7,1.48761704067186,0.5509692743229111,0.815322893749171,False,2,Mid-Range
VEN,"Venezuela, RB",6.87467002868652,20840.0,254.948534781816,9.975,2.6809825897216798e-11,2.6877018443325113e-12,40.0,True,1,Budget-Friendly
VNM,Viet Nam,2.88738689372749,17580.0,3.3099931421974,24164.8858333333,6990.87070514029,0.2892987268119847,3.3099931421974,False,2,Mid-Range
VUT,Vanuatu,7.63695001602173,4970.0,0.656455142231905,120.324285714285,107.389043283146,0.8924968275992573,0.656455142231905,False,2,Mid-Range
WSM,Samoa,5.45616637544294,9300.0,2.2119620764675,2.79150381915391,1.75413819197732,0.6283846649040193,2.2119620764675,False,2,Mid-Range
XKX,Kosovo,,19650.0,3.85953869869506,0.887144250370587,0.362904088534196,0.4090699887674411,3.85953869869506,False,2,Mid-Range
YEM,"Yemen, Rep.",5.15144014358521,3020.0,8.10472583623915,1355.11637864823,93.6313171386719,0.06909466863065444,8.10472583623915,False,2,Mid-Range
ZAF,South Africa,6.02110004425049,15600.0,3.20550474112603,17.8887489855833,7.42029658394341,0.4148024319600824,3.20550474112603,False,2,Mid-Range
ZMB,Zambia,4.07374933049157,3990.0,13.9099095827735,25.2756892021939,7.56139268212565,0.29915673600976744,13.9099095827735,False,2,Mid-Range
ZWE,Zimbabwe,0.384771297211919,6390.0,104.705170628667,26.5961940841935,14.8477864567247,0.5582673374138503,40.0,True,1,Budget-Friendly
