country_name,gni_per_capita_ppp,price_level_ratio,inflation_pct,education_spend_pct_gdp,inflation_capped,economic_instability_flag,cluster,affordability_group
Afghanistan,2250.0,0.172262,-6.6012,4.3432,-6.6012,False,0,Mid-Range
Albania,28170.0,0.429329,2.1462,3.0915,2.1462,False,0,Mid-Range
Algeria,18240.0,0.325563,1.4184,8.9777,1.4184,False,0,Mid-Range
Angola,9840.0,0.354132,20.162,2.5127,20.162,False,0,Mid-Range
Antigua and Barbuda,34670.0,0.692647,1.3687,3.1051,1.3687,False,0,Mid-Range
Argentina,31920.0,0.457184,219.8839,5.0032,40.0,True,2,Budget-Friendly
Armenia,24020.0,0.382723,3.3069,2.4387,3.3069,False,0,Mid-Range
Aruba,48900.0,0.746257,4.2575,3.6186,4.2575,False,1,Premium
Australia,69930.0,0.901382,2.874,5.0591,2.874,False,1,Premium
Austria,77010.0,0.819641,3.5272,5.2775,3.5272,False,1,Premium
Azerbaijan,25430.0,0.2838,5.6221,3.6604,5.6221,False,0,Mid-Range
Bahamas The,39610.0,0.956316,0.4092,2.7419,0.4092,False,1,Premium
Bahrain,65500.0,0.430957,-0.1377,1.8878,-0.1377,False,1,Premium
Bangladesh,10710.0,0.253574,8.7688,2.0344,8.7688,False,0,Mid-Range
Barbados,24840.0,1.095426,0.8466,3.5559,0.8466,False,1,Premium
Belarus,34310.0,0.296096,6.5988,5.0459,6.5988,False,0,Mid-Range
Belgium,75620.0,0.813522,2.4671,6.2761,2.4671,False,1,Premium
Belize,14230.0,0.525565,1.0628,4.6228,1.0628,False,0,Mid-Range
Benin,4760.0,0.344263,1.1016,3.2297,1.1016,False,0,Mid-Range
Bhutan,18520.0,0.229294,3.5551,5.8452,3.5551,False,0,Mid-Range
Bolivia,12530.0,0.399891,19.5171,7.5398,19.5171,False,0,Mid-Range
Bosnia and Herzegovina,25810.0,0.401887,6.1059,3.2456,6.1059,False,0,Mid-Range
Botswana,19960.0,0.375792,2.6598,8.0583,2.6598,False,0,Mid-Range
Brazil,22670.0,0.457182,5.0168,5.6192,5.0168,False,0,Mid-Range
Brunei Darussalam,95420.0,0.348747,-0.303,4.4254,-0.303,False,1,Premium
Bulgaria,42170.0,0.23381,4.5808,4.5011,4.5808,False,0,Mid-Range
Burkina Faso,2890.0,0.373604,-0.5862,5.3276,-0.5862,False,0,Mid-Range
Burundi,1250.0,0.339642,34.134,4.504,34.134,False,2,Budget-Friendly
Cabo Verde,12010.0,0.476476,2.3433,4.3483,2.3433,False,0,Mid-Range
Cambodia,8390.0,0.336244,2.3513,2.1809,2.3513,False,0,Mid-Range
Cameroon,5700.0,0.340779,3.4037,2.8391,3.4037,False,0,Mid-Range
Canada,66820.0,0.834474,2.0723,4.8443,2.0723,False,1,Premium
Cayman Islands,74470.0,1.131146,-0.6253,1.5702,-0.6253,False,1,Premium
Central African Republic,1390.0,0.423275,1.002,1.83,1.002,False,0,Mid-Range
Chad,2770.0,0.352197,-3.912,3.2015,-3.912,False,0,Mid-Range
Chile,35730.0,0.476374,4.2129,4.912,4.2129,False,0,Mid-Range
China,29160.0,0.472567,0.0596,3.8971,0.0596,False,0,Mid-Range
Colombia,22250.0,0.378156,5.1422,5.2617,5.1422,False,0,Mid-Range
Comoros,4260.0,0.486159,3.2491,2.3415,3.2491,False,0,Mid-Range
Congo Dem Rep,1850.0,0.417658,2.8859,2.8447,2.8859,False,0,Mid-Range
Congo Rep,6490.0,0.346934,2.4007,3.3401,2.4007,False,0,Mid-Range
Costa Rica,30760.0,0.590573,-0.0737,5.3121,-0.0737,False,0,Mid-Range
Cote d'Ivoire,7750.0,0.37156,0.125,3.6128,0.125,False,0,Mid-Range
Croatia,50410.0,0.532011,3.6915,4.0917,3.6915,False,1,Premium
Curacao,33330.0,0.697384,2.6222,5.4431,2.6222,False,0,Mid-Range
Cyprus,57390.0,0.647051,0.1265,4.7421,0.1265,False,1,Premium
Czechia,57870.0,0.593799,2.46,4.3029,2.46,False,1,Premium
Denmark,85460.0,0.924921,1.8937,6.3559,1.8937,False,1,Premium
Djibouti,8660.0,0.462094,-0.3137,3.7514,-0.3137,False,0,Mid-Range
Dominica,22130.0,0.483819,2.5339,5.3857,2.5339,False,0,Mid-Range
Dominican Republic,26980.0,0.385055,3.8731,3.7606,3.8731,False,0,Mid-Range
Ecuador,16290.0,0.425221,0.7105,3.6907,0.7105,False,0,Mid-Range
Egypt Arab Rep,19330.0,0.154054,14.0735,3.7608,14.0735,False,0,Mid-Range
El Salvador,13140.0,0.408954,0.2576,3.3167,0.2576,False,0,Mid-Range
Equatorial Guinea,14610.0,0.410042,2.9214,2.188,2.9214,False,0,Mid-Range
Estonia,51370.0,0.660537,4.8292,5.2073,4.8292,False,1,Premium
Eswatini,11390.0,0.327892,2.598,6.0308,2.598,False,0,Mid-Range
Ethiopia,3620.0,0.372452,13.2296,2.2978,13.2296,False,0,Mid-Range
Fiji,15360.0,0.406548,-1.3833,4.2468,-1.3833,False,0,Mid-Range
Finland,66300.0,0.852228,0.3379,6.3758,0.3379,False,1,Premium
France,65110.0,0.765697,0.9438,5.3243,0.9438,False,1,Premium
Gabon,21660.0,0.371901,1.7677,2.3159,1.7677,False,0,Mid-Range
Gambia The,3660.0,0.249596,11.5611,2.8084,11.5611,False,0,Mid-Range
Georgia,27570.0,0.329432,3.8692,3.9801,3.8692,False,0,Mid-Range
Germany,78140.0,0.802269,2.1718,5.2392,2.1718,False,1,Premium
Ghana,8080.0,0.378288,14.2047,2.9096,14.2047,False,0,Mid-Range
Greece,44310.0,0.595357,2.4821,3.3755,2.4821,False,1,Premium
Grenada,20170.0,0.567174,0.6103,5.1254,0.6103,False,0,Mid-Range
Guatemala,15020.0,0.434174,1.4884,3.0759,1.4884,False,0,Mid-Range
Guinea,4730.0,0.343551,3.5463,1.7247,3.5463,False,0,Mid-Range
Guinea-Bissau,3320.0,0.341249,0.8749,2.0103,0.8749,False,0,Mid-Range
Guyana,80300.0,0.331094,3.3298,4.4506,3.3298,False,1,Premium
Haiti,3130.0,0.860161,28.6428,0.9646,28.6428,False,2,Budget-Friendly
Honduras,7270.0,0.457143,4.5966,4.5496,4.5966,False,0,Mid-Range
Hong Kong SAR China,88500.0,0.708544,1.4363,3.8055,1.4363,False,1,Premium
Hungary,48630.0,0.519838,4.412,3.8012,4.412,False,1,Premium
Iceland,83250.0,1.178498,4.0909,7.308,4.0909,False,1,Premium
India,11600.0,0.230484,2.3988,4.0987,2.3988,False,0,Mid-Range
Indonesia,17190.0,0.286505,1.9133,1.2752,1.9133,False,0,Mid-Range
Iran Islamic Rep,19660.0,3.522329,42.1712,2.8244,40.0,True,2,Budget-Friendly
Iraq,14290.0,0.37918,0.3035,3.5515,0.3035,False,0,Mid-Range
Ireland,106310.0,0.848494,2.2104,2.9046,2.2104,False,1,Premium
Israel,58870.0,1.01038,3.0414,5.9329,3.0414,False,1,Premium
Italy,62870.0,0.689601,1.5317,4.0678,1.5317,False,1,Premium
Jamaica,13090.0,0.602119,4.0046,5.5138,4.0046,False,0,Mid-Range
Japan,58920.0,0.64868,3.1725,3.3366,3.1725,False,1,Premium
Jordan,12440.0,0.423364,1.7665,3.2336,1.7665,False,0,Mid-Range
Kazakhstan,41090.0,0.3317,11.3879,4.8647,11.3879,False,0,Mid-Range
Kenya,6910.0,0.336785,4.0691,4.0224,4.0691,False,0,Mid-Range
Kiribati,6080.0,0.649967,2.4555,16.3905,2.4555,False,0,Mid-Range
Korea Rep,64210.0,0.573893,2.1231,5.4091,2.1231,False,1,Premium
Kosovo,19650.0,0.40907,3.8595,,3.8595,False,0,Mid-Range
Kuwait,64040.0,0.572227,2.362,6.4359,2.362,False,1,Premium
Kyrgyz Republic,9120.0,0.33498,8.215,6.8269,8.215,False,0,Mid-Range
Lao PDR,9800.0,0.226974,7.7423,1.2338,7.7423,False,0,Mid-Range
Latvia,45740.0,0.570305,3.7458,4.3197,3.7458,False,1,Premium
Lebanon,11790.0,0.375355,14.5976,1.2249,14.5976,False,0,Mid-Range
Lesotho,3900.0,0.341998,4.2701,6.6225,4.2701,False,0,Mid-Range
Liberia,1840.0,0.002415,8.3156,2.2665,8.3156,False,0,Mid-Range
Libya,17150.0,0.390518,1.8417,2.2642,1.8417,False,0,Mid-Range
Lithuania,55010.0,0.579872,3.7917,4.2528,3.7917,False,1,Premium
Luxembourg,106640.0,0.940656,2.2572,3.7445,2.2572,False,1,Premium
Macao SAR China,125630.0,0.553903,0.3333,3.5018,0.3333,False,1,Premium
Madagascar,1910.0,0.306925,8.0505,3.0477,8.0505,False,0,Mid-Range
Malawi,1880.0,0.533123,28.3703,2.7489,28.3703,False,2,Budget-Friendly
Malaysia,40070.0,0.316272,1.3806,3.5148,1.3806,False,0,Mid-Range
Maldives,25600.0,0.511811,4.0058,5.1671,4.0058,False,0,Mid-Range
Mali,3400.0,0.340667,3.2782,4.1847,3.2782,False,0,Mid-Range
Malta,64900.0,0.663436,2.3635,4.7126,2.3635,False,1,Premium
Mauritania,7640.0,0.312194,1.548,7.6101,1.548,False,0,Mid-Range
Mauritius,37000.0,0.38588,3.6736,4.2474,3.6736,False,0,Mid-Range
Mexico,25070.0,0.536917,3.8067,4.0599,3.8067,False,0,Mid-Range
Micronesia Fed Sts,5080.0,0.958651,5.4087,11.5591,5.4087,False,0,Mid-Range
Moldova,19990.0,0.430995,7.759,6.5571,7.759,False,0,Mid-Range
Mongolia,18460.0,0.341778,8.6054,5.2123,8.6054,False,0,Mid-Range
Montenegro,35700.0,0.417262,3.8996,,3.8996,False,0,Mid-Range
Morocco,10960.0,0.420501,0.7019,6.021,0.7019,False,0,Mid-Range
Mozambique,1540.0,0.370268,4.3685,5.9761,4.3685,False,0,Mid-Range
Myanmar,5890.0,0.376447,8.8251,1.9998,8.8251,False,0,Mid-Range
Namibia,11260.0,0.406811,3.5107,9.0844,3.5107,False,0,Mid-Range
Naoero,20200.0,1.026336,-0.1247,5.7771,-0.1247,False,0,Mid-Range
Nepal,6250.0,0.24367,2.6533,3.6885,2.6533,False,0,Mid-Range
Netherlands,85480.0,0.843836,3.2596,5.1792,3.2596,False,1,Premium
New Zealand,53600.0,0.856316,2.8398,5.2133,2.8398,False,1,Premium
Nicaragua,8780.0,0.34181,2.0813,2.8695,2.0813,False,0,Mid-Range
Niger,2150.0,0.356116,-4.4547,4.0741,-4.4547,False,0,Mid-Range
Nigeria,9230.0,0.128441,23.0101,0.3191,23.0101,False,0,Mid-Range
North Macedonia,26680.0,0.374224,4.0725,3.3001,4.0725,False,0,Mid-Range
Norway,107770.0,0.909178,3.0556,5.4323,3.0556,False,1,Premium
Oman,39390.0,0.471623,0.9677,4.3831,0.9677,False,0,Mid-Range
Pakistan,6430.0,0.241289,3.5456,1.9466,3.5456,False,0,Mid-Range
Palau,23480.0,0.847329,-0.4184,3.4373,-0.4184,False,0,Mid-Range
Panama,41770.0,0.450769,-0.1896,2.4723,-0.1896,False,0,Mid-Range
Papua New Guinea,4840.0,0.579035,4.4214,0.7821,4.4214,False,0,Mid-Range
Paraguay,19390.0,0.348173,4.0381,3.5341,4.0381,False,0,Mid-Range
Peru,17540.0,0.514687,1.5313,4.3578,1.5313,False,0,Mid-Range
Philippines,14460.0,0.331616,1.6587,3.9692,1.6587,False,0,Mid-Range
Poland,52290.0,0.523743,3.8142,4.3137,3.8142,False,1,Premium
Portugal,52240.0,0.603657,2.336,4.5516,2.336,False,1,Premium
Qatar,126290.0,0.562719,1.2673,3.2337,1.2673,False,1,Premium
Romania,49550.0,0.442828,7.189,3.2788,7.189,False,0,Mid-Range
Russian Federation,49220.0,0.319951,8.7199,4.1645,8.7199,False,0,Mid-Range
Rwanda,4070.0,0.269842,5.913,4.6148,5.913,False,0,Mid-Range
Samoa,9300.0,0.628385,2.212,5.4562,2.212,False,0,Mid-Range
San Marino,71920.0,0.791968,2.2952,2.8975,2.2952,False,1,Premium
Sao Tome and Principe,6920.0,0.61243,11.0474,5.0289,11.0474,False,0,Mid-Range
Saudi Arabia,74400.0,0.468081,2.0842,4.4809,2.0842,False,1,Premium
Senegal,5100.0,0.357795,1.459,6.1628,1.459,False,0,Mid-Range
Serbia,31780.0,0.450078,3.8904,3.4038,3.8904,False,0,Mid-Range
Seychelles,34930.0,0.54246,0.2976,4.4541,0.2976,False,0,Mid-Range
Sierra Leone,3690.0,0.242144,7.4875,2.6246,7.4875,False,0,Mid-Range
Singapore,135750.0,0.604907,0.903,2.191,0.903,False,1,Premium
Sint Maarten Dutch part,52060.0,0.760803,2.192,3.9236,2.192,False,1,Premium
Slovak Republic,47920.0,0.578877,4.0004,4.6569,4.0004,False,1,Premium
Slovenia,58880.0,0.630879,2.3728,5.2806,2.3728,False,1,Premium
Solomon Islands,2790.0,0.748378,3.3646,8.2935,3.3646,False,0,Mid-Range
South Africa,15600.0,0.414802,3.2055,6.0211,3.2055,False,0,Mid-Range
South Sudan,1010.0,0.058593,91.4408,1.5654,40.0,True,2,Budget-Friendly
Spain,59830.0,0.64521,2.6999,4.5855,2.6999,False,1,Premium
Sri Lanka,16750.0,0.26935,-4.7639,1.8277,-4.7639,False,0,Mid-Range
St Kitts and Nevis,36430.0,0.685832,3.5571,3.4973,3.5571,False,0,Mid-Range
St Lucia,26180.0,0.51426,2.0271,3.847,2.0271,False,0,Mid-Range
St Vincent and the Grenadines,22340.0,0.550969,0.8153,6.4583,0.8153,False,0,Mid-Range
Sudan,2140.0,2.150103,138.8085,2.0221,40.0,True,2,Budget-Friendly
Suriname,21000.0,0.312103,9.2055,2.8662,9.2055,False,0,Mid-Range
Sweden,76090.0,0.870456,0.6799,7.3191,0.6799,False,1,Premium
Switzerland,101690.0,1.119552,0.1544,4.8643,0.1544,False,1,Premium
Syrian Arab Republic,4740.0,0.322442,13.4176,5.1301,13.4176,False,0,Mid-Range
Tajikistan,8240.0,0.276401,6.0046,5.4368,6.0046,False,0,Mid-Range
Tanzania,4370.0,0.288515,3.327,3.155,3.327,False,0,Mid-Range
Thailand,25570.0,0.306916,-0.1336,2.5212,-0.1336,False,0,Mid-Range
Timor-Leste,5120.0,0.278816,0.4283,5.2405,0.4283,False,0,Mid-Range
Togo,4090.0,0.339244,0.4332,4.1428,0.4332,False,0,Mid-Range
Tonga,9240.0,0.750011,5.5928,5.3102,5.5928,False,0,Mid-Range
Trinidad and Tobago,36080.0,0.510952,0.9945,3.2336,0.9945,False,0,Mid-Range
Tunisia,14870.0,0.29478,5.151,6.734,5.151,False,0,Mid-Range
Turkiye,44630.0,0.410688,34.8812,3.0957,34.8812,False,2,Budget-Friendly
Tuvalu,11000.0,0.893801,0.5006,12.8457,0.5006,False,0,Mid-Range
Uganda,3410.0,0.352906,3.5808,2.561,3.5808,False,0,Mid-Range
Ukraine,18750.0,0.310283,12.7303,5.1401,12.7303,False,0,Mid-Range
United Arab Emirates,81640.0,0.633616,1.2509,3.894,1.2509,False,1,Premium
United Kingdom,64210.0,0.891582,3.8831,5.9068,3.8831,False,1,Premium
United States,89490.0,1.0,2.9495,5.4204,2.9495,False,1,Premium
Uruguay,36330.0,0.658114,4.6503,4.7646,4.6503,False,0,Mid-Range
Uzbekistan,13640.0,0.291757,8.7964,5.4729,8.7964,False,0,Mid-Range
Vanuatu,4970.0,0.901179,0.6565,7.6369,0.6565,False,0,Mid-Range
Venezuela RB,20840.0,0.0,254.9485,6.8747,40.0,True,2,Budget-Friendly
Viet Nam,17580.0,0.289299,3.31,2.8874,3.31,False,0,Mid-Range
Yemen Rep,3020.0,0.069095,8.1047,5.1514,8.1047,False,0,Mid-Range
Zambia,3990.0,0.299157,13.9099,4.0737,13.9099,False,0,Mid-Range
Zimbabwe,6390.0,0.558267,104.7052,0.3848,40.0,True,2,Budget-Friendly
