country_name,gni_per_capita_ppp,price_level_ratio,inflation_pct,education_spend_pct_gdp
Afghanistan,2250.0,0.172262,-6.6012,4.3432
Albania,28170.0,0.429329,2.1462,3.0915
Algeria,18240.0,0.325563,1.4184,8.9777
Andorra,80950.0,0.680666,,1.8987
Angola,9840.0,0.354132,20.162,2.5127
Antigua and Barbuda,34670.0,0.692647,1.3687,3.1051
Argentina,31920.0,0.457184,219.8839,5.0032
Armenia,24020.0,0.382723,3.3069,2.4387
Aruba,48900.0,0.746257,4.2575,3.6186
Australia,69930.0,0.901382,2.874,5.0591
Austria,77010.0,0.819641,3.5272,5.2775
Azerbaijan,25430.0,0.2838,5.6221,3.6604
Bahamas The,39610.0,0.956316,0.4092,2.7419
Bahrain,65500.0,0.430957,-0.1377,1.8878
Bangladesh,10710.0,0.253574,8.7688,2.0344
Barbados,24840.0,1.095426,0.8466,3.5559
Belarus,34310.0,0.296096,6.5988,5.0459
Belgium,75620.0,0.813522,2.4671,6.2761
Belize,14230.0,0.525565,1.0628,4.6228
Benin,4760.0,0.344263,1.1016,3.2297
Bermuda,122530.0,1.198121,,1.8651
Bhutan,18520.0,0.229294,3.5551,5.8452
Bolivia,12530.0,0.399891,19.5171,7.5398
Bosnia and Herzegovina,25810.0,0.401887,6.1059,3.2456
Botswana,19960.0,0.375792,2.6598,8.0583
Brazil,22670.0,0.457182,5.0168,5.6192
Brunei Darussalam,95420.0,0.348747,-0.303,4.4254
Bulgaria,42170.0,0.23381,4.5808,4.5011
Burkina Faso,2890.0,0.373604,-0.5862,5.3276
Burundi,1250.0,0.339642,34.134,4.504
Cabo Verde,12010.0,0.476476,2.3433,4.3483
Cambodia,8390.0,0.336244,2.3513,2.1809
Cameroon,5700.0,0.340779,3.4037,2.8391
Canada,66820.0,0.834474,2.0723,4.8443
Cayman Islands,74470.0,1.131146,-0.6253,1.5702
Central African Republic,1390.0,0.423275,1.002,1.83
Chad,2770.0,0.352197,-3.912,3.2015
Chile,35730.0,0.476374,4.2129,4.912
China,29160.0,0.472567,0.0596,3.8971
Colombia,22250.0,0.378156,5.1422,5.2617
Comoros,4260.0,0.486159,3.2491,2.3415
Congo Dem Rep,1850.0,0.417658,2.8859,2.8447
Congo Rep,6490.0,0.346934,2.4007,3.3401
Costa Rica,30760.0,0.590573,-0.0737,5.3121
Cote d'Ivoire,7750.0,0.37156,0.125,3.6128
Croatia,50410.0,0.532011,3.6915,4.0917
Curacao,33330.0,0.697384,2.6222,5.4431
Cyprus,57390.0,0.647051,0.1265,4.7421
Czechia,57870.0,0.593799,2.46,4.3029
Denmark,85460.0,0.924921,1.8937,6.3559
Djibouti,8660.0,0.462094,-0.3137,3.7514
Dominica,22130.0,0.483819,2.5339,5.3857
Dominican Republic,26980.0,0.385055,3.8731,3.7606
Ecuador,16290.0,0.425221,0.7105,3.6907
Egypt Arab Rep,19330.0,0.154054,14.0735,3.7608
El Salvador,13140.0,0.408954,0.2576,3.3167
Equatorial Guinea,14610.0,0.410042,2.9214,2.188
Eritrea,1720.0,0.327594,,2.127
Estonia,51370.0,0.660537,4.8292,5.2073
Eswatini,11390.0,0.327892,2.598,6.0308
Ethiopia,3620.0,0.372452,13.2296,2.2978
Faroe Islands,83480.0,0.940799,,
Fiji,15360.0,0.406548,-1.3833,4.2468
Finland,66300.0,0.852228,0.3379,6.3758
France,65110.0,0.765697,0.9438,5.3243
Gabon,21660.0,0.371901,1.7677,2.3159
Gambia The,3660.0,0.249596,11.5611,2.8084
Georgia,27570.0,0.329432,3.8692,3.9801
Germany,78140.0,0.802269,2.1718,5.2392
Ghana,8080.0,0.378288,14.2047,2.9096
Greece,44310.0,0.595357,2.4821,3.3755
Greenland,40270.0,0.771371,,
Grenada,20170.0,0.567174,0.6103,5.1254
Guatemala,15020.0,0.434174,1.4884,3.0759
Guinea,4730.0,0.343551,3.5463,1.7247
Guinea-Bissau,3320.0,0.341249,0.8749,2.0103
Guyana,80300.0,0.331094,3.3298,4.4506
Haiti,3130.0,0.860161,28.6428,0.9646
Honduras,7270.0,0.457143,4.5966,4.5496
Hong Kong SAR China,88500.0,0.708544,1.4363,3.8055
Hungary,48630.0,0.519838,4.412,3.8012
Iceland,83250.0,1.178498,4.0909,7.308
India,11600.0,0.230484,2.3988,4.0987
Indonesia,17190.0,0.286505,1.9133,1.2752
Iran Islamic Rep,19660.0,3.522329,42.1712,2.8244
Iraq,14290.0,0.37918,0.3035,3.5515
Ireland,106310.0,0.848494,2.2104,2.9046
Israel,58870.0,1.01038,3.0414,5.9329
Italy,62870.0,0.689601,1.5317,4.0678
Jamaica,13090.0,0.602119,4.0046,5.5138
Japan,58920.0,0.64868,3.1725,3.3366
Jordan,12440.0,0.423364,1.7665,3.2336
Kazakhstan,41090.0,0.3317,11.3879,4.8647
Kenya,6910.0,0.336785,4.0691,4.0224
Kiribati,6080.0,0.649967,2.4555,16.3905
Korea Rep,64210.0,0.573893,2.1231,5.4091
Kosovo,19650.0,0.40907,3.8595,
Kuwait,64040.0,0.572227,2.362,6.4359
Kyrgyz Republic,9120.0,0.33498,8.215,6.8269
Lao PDR,9800.0,0.226974,7.7423,1.2338
Latvia,45740.0,0.570305,3.7458,4.3197
Lebanon,11790.0,0.375355,14.5976,1.2249
Lesotho,3900.0,0.341998,4.2701,6.6225
Liberia,1840.0,0.002415,8.3156,2.2665
Libya,17150.0,0.390518,1.8417,2.2642
Lithuania,55010.0,0.579872,3.7917,4.2528
Luxembourg,106640.0,0.940656,2.2572,3.7445
Macao SAR China,125630.0,0.553903,0.3333,3.5018
Madagascar,1910.0,0.306925,8.0505,3.0477
Malawi,1880.0,0.533123,28.3703,2.7489
Malaysia,40070.0,0.316272,1.3806,3.5148
Maldives,25600.0,0.511811,4.0058,5.1671
Mali,3400.0,0.340667,3.2782,4.1847
Malta,64900.0,0.663436,2.3635,4.7126
Marshall Islands,10590.0,0.946983,,7.7009
Mauritania,7640.0,0.312194,1.548,7.6101
Mauritius,37000.0,0.38588,3.6736,4.2474
Mexico,25070.0,0.536917,3.8067,4.0599
Micronesia Fed Sts,5080.0,0.958651,5.4087,11.5591
Moldova,19990.0,0.430995,7.759,6.5571
Mongolia,18460.0,0.341778,8.6054,5.2123
Montenegro,35700.0,0.417262,3.8996,
Morocco,10960.0,0.420501,0.7019,6.021
Mozambique,1540.0,0.370268,4.3685,5.9761
Myanmar,5890.0,0.376447,8.8251,1.9998
Namibia,11260.0,0.406811,3.5107,9.0844
Naoero,20200.0,1.026336,-0.1247,5.7771
Nepal,6250.0,0.24367,2.6533,3.6885
Netherlands,85480.0,0.843836,3.2596,5.1792
New Zealand,53600.0,0.856316,2.8398,5.2133
Nicaragua,8780.0,0.34181,2.0813,2.8695
Niger,2150.0,0.356116,-4.4547,4.0741
Nigeria,9230.0,0.128441,23.0101,0.3191
North Macedonia,26680.0,0.374224,4.0725,3.3001
Norway,107770.0,0.909178,3.0556,5.4323
Oman,39390.0,0.471623,0.9677,4.3831
Pakistan,6430.0,0.241289,3.5456,1.9466
Palau,23480.0,0.847329,-0.4184,3.4373
Panama,41770.0,0.450769,-0.1896,2.4723
Papua New Guinea,4840.0,0.579035,4.4214,0.7821
Paraguay,19390.0,0.348173,4.0381,3.5341
Peru,17540.0,0.514687,1.5313,4.3578
Philippines,14460.0,0.331616,1.6587,3.9692
Poland,52290.0,0.523743,3.8142,4.3137
Portugal,52240.0,0.603657,2.336,4.5516
Puerto Rico US,35330.0,0.77823,,4.271
Qatar,126290.0,0.562719,1.2673,3.2337
Romania,49550.0,0.442828,7.189,3.2788
Russian Federation,49220.0,0.319951,8.7199,4.1645
Rwanda,4070.0,0.269842,5.913,4.6148
Samoa,9300.0,0.628385,2.212,5.4562
San Marino,71920.0,0.791968,2.2952,2.8975
Sao Tome and Principe,6920.0,0.61243,11.0474,5.0289
Saudi Arabia,74400.0,0.468081,2.0842,4.4809
Senegal,5100.0,0.357795,1.459,6.1628
Serbia,31780.0,0.450078,3.8904,3.4038
Seychelles,34930.0,0.54246,0.2976,4.4541
Sierra Leone,3690.0,0.242144,7.4875,2.6246
Singapore,135750.0,0.604907,0.903,2.191
Sint Maarten Dutch part,52060.0,0.760803,2.192,3.9236
Slovak Republic,47920.0,0.578877,4.0004,4.6569
Slovenia,58880.0,0.630879,2.3728,5.2806
Solomon Islands,2790.0,0.748378,3.3646,8.2935
Somalia Fed Rep,1640.0,0.524543,,0.0
South Africa,15600.0,0.414802,3.2055,6.0211
South Sudan,1010.0,0.058593,91.4408,1.5654
Spain,59830.0,0.64521,2.6999,4.5855
Sri Lanka,16750.0,0.26935,-4.7639,1.8277
St Kitts and Nevis,36430.0,0.685832,3.5571,3.4973
St Lucia,26180.0,0.51426,2.0271,3.847
St Vincent and the Grenadines,22340.0,0.550969,0.8153,6.4583
Sudan,2140.0,2.150103,138.8085,2.0221
Suriname,21000.0,0.312103,9.2055,2.8662
Sweden,76090.0,0.870456,0.6799,7.3191
Switzerland,101690.0,1.119552,0.1544,4.8643
Syrian Arab Republic,4740.0,0.322442,13.4176,5.1301
Tajikistan,8240.0,0.276401,6.0046,5.4368
Tanzania,4370.0,0.288515,3.327,3.155
Thailand,25570.0,0.306916,-0.1336,2.5212
Timor-Leste,5120.0,0.278816,0.4283,5.2405
Togo,4090.0,0.339244,0.4332,4.1428
Tonga,9240.0,0.750011,5.5928,5.3102
Trinidad and Tobago,36080.0,0.510952,0.9945,3.2336
Tunisia,14870.0,0.29478,5.151,6.734
Turkiye,44630.0,0.410688,34.8812,3.0957
Turkmenistan,22830.0,0.000303,,4.2888
Turks and Caicos Islands,37500.0,0.986774,,2.95
Tuvalu,11000.0,0.893801,0.5006,12.8457
Uganda,3410.0,0.352906,3.5808,2.561
Ukraine,18750.0,0.310283,12.7303,5.1401
United Arab Emirates,81640.0,0.633616,1.2509,3.894
United Kingdom,64210.0,0.891582,3.8831,5.9068
United States,89490.0,1.0,2.9495,5.4204
Uruguay,36330.0,0.658114,4.6503,4.7646
Uzbekistan,13640.0,0.291757,8.7964,5.4729
Vanuatu,4970.0,0.901179,0.6565,7.6369
Venezuela RB,20840.0,0.0,254.9485,6.8747
Viet Nam,17580.0,0.289299,3.31,2.8874
Yemen Rep,3020.0,0.069095,8.1047,5.1514
Zambia,3990.0,0.299157,13.9099,4.0737
Zimbabwe,6390.0,0.558267,104.7052,0.3848
